Motor Name,Kv,Max Watts,Max RPM,Poles,Idle Current,Resistance,Weight,Length Metric,Diameter Metric,Shaft Diameter,Length*Diam,Length*Diam^2,Length*Diam*Kv,Length*Diam^2*Kv,x var,,6,31,,1,2,3,4,5,6,7,8,9,10,11,12,13,14,15,16,17,18,19,20,21,22,23,24,25,26,27,28,29,30,31,32,33,34,35,36,37,38,39,40,41,42,43,44,45,46,47,48,49,50,51,52,53,54,55,56,57,58,59,60,61,62,63,64,65,66,67,68,69,70,71,72,73,74,75,76,77,78,79,80,81,82,83,84,85,86,87,88,89,90,91,92,93,94,95,96,97,98,99
A05-10S,4200,35,35000,12,0.5,300,8,15,17,2,255,4335,1071000,18207000,0,,14,3.5,,3,3,3,3,3,3,3,3,3,3,3,3,3,3,3,3,3,3,3,3,3,3,3,3,3,2.5,2.5,2.5,2.5,2.5,3.5,3.5,3.5,3.5,3.5,,,,,,,,,,,,,,,,,,,,,,,,,,,,,,,,,,,,,,,,,,,,,,,,,,,,,,,,,,,,,,,,
A05-13S,3200,35,35000,12,0.3,400,8,15,17,2,255,4335,816000,13872000,0,,31,2,,2,2,2,2,2,2,2,2,2,2,2,2,2,2,2,1.5,1.5,1.5,1.5,1.5,2.5,2.5,2.5,2.5,2.5,2,2,2,2,2,2,2,2,2,2,,,,,,,,,,,,,,,,,,,,,,,,,,,,,,,,,,,,,,,,,,,,,,,,,,,,,,,,,,,,,,,,
A10-12S,2900,55,25000,12,1,185,15,21,21,2,441,9261,1278900,26856900,0,,,1,,1,1,1,1,1,0.75,0.75,0.75,0.75,0.75,1.25,1.25,1.25,1.25,1.25,1,1,1,1,1,1,1,1,1,1,1,1,1,1,1,1,1,1,1,1,,,,,,,,,,,,,,,,,,,,,,,,,,,,,,,,,,,,,,,,,,,,,,,,,,,,,,,,,,,,,,,,
A10-15S,2320,55,25000,12,0.63,289,15,21,21,2,441,9261,1023120,21485520,0,,,-0.5,,-0.5,-0.75,-1,-0.25,0,-0.5,-0.75,-1,-0.25,0,-0.5,-0.75,-1,-0.25,0,-0.5,-0.75,-1,-0.25,0,-0.5,-0.75,-1,-0.25,0,-0.5,-0.75,-1,-0.25,0,-0.5,-0.75,-1,-0.25,0,,,,,,,,,,,,,,,,,,,,,,,,,,,,,,,,,,,,,,,,,,,,,,,,,,,,,,,,,,,,,,,,
A10-13L,1200,90,25000,12,0.39,280,20,25,21,2,525,11025,630000,13230000,0,,,,,,,,,,,,,,,,,,,,,,,,,,,,,,,,,,,,,,,,,,,,,,,,,,,,,,,,,,,,,,,,,,,,,,,,,,,,,,,,,,,,,,,,,,,,,,,,,,,,,,,
A10-7L,2200,75,25000,12,1.1,110,20,25,21,2,525,11025,1155000,24255000,1.14256E-10,,,,,,,,,,,,,,,,,,,,,,,,,,,,,,,,,,,,,,,,,,,,,,,,,,,,,,,,,,,,,,,,,,,,,,,,,,,,,,,,,,,,,,,,,,,,,,,,,,,,,,,
A10-9L,1700,90,25000,12,0.72,180,20,25,21,2,525,11025,892500,18742500,1.61973E-10,,,,,,,,,,,,,,,,,,,,,,,,,,,,,,,,,,,,,,,,,,,,,,,,,,,,,,,,,,,,,,,,,,,,,,,,,,,,,,,,,,,,,,,,,,,,,,,,,,,,,,,
A20-34 S EVO,1500,140,30000,14,0.75,147,24,29,28,3,812,22736,1218000,34104000,7.66062E-11,,,,,,,,,,,,,,,,,,,,,,,,,,,,,,,,,,,,,,,,,,,,,,,,,,,,,,,,,,,,,,,,,,,,,,,,,,,,,,,,,,,,,,,,,,,,,,,,,,,,,,,
A20-50 S EVO,1088,120,30000,14,0.4,232,24,29,28,3,812,22736,883456,24736768,9.77806E-11,,,,,,,,,,,,,,,,,,,,,,,,,,,,,,,,,,,,,,,,,,,,,,,,,,,,,,,,,,,,,,,,,,,,,,,,,,,,,,,,,,,,,,,,,,,,,,,,,,,,,,,
A20-26 M EVO,1130,170,30000,14,0.7,117,30,42,28,3,1176,32928,1328880,37208640,3.06519E-11,,,,,,,,,,,,,,,,,,,,,,,,,,,,,,,,,,,,,,,,,,,,,,,,,,,,,,,,,,,,,,,,,,,,,,,,,,,,,,,,,,,,,,,,,,,,,,,,,,,,,,,
A20-30 M EVO,980,170,30000,14,0.6,174,30,42,28,3,1176,32928,1152480,32269440,3.53435E-11,,,,,,,,,,,,,,,,,,,,,,,,,,,,,,,,,,,,,,,,,,,,,,,,,,,,,,,,,,,,,,,,,,,,,,,,,,,,,,,,,,,,,,,,,,,,,,,,,,,,,,,
A20-12 L 10 pole EVO,2100,250,30000,10,2,30,50,34,28,3,952,26656,1999200,55977600,4.19043E-11,,,,,,,,,,,,,,,,,,,,,,,,,,,,,,,,,,,,,,,,,,,,,,,,,,,,,,,,,,,,,,,,,,,,,,,,,,,,,,,,,,,,,,,,,,,,,,,,,,,,,,,
A20-20 L EVO,1022,250,30000,14,0.85,109,50,34,28,3,952,26656,972944,27242432,8.61047E-11,,,,,,,,,,,,,,,,,,,,,,,,,,,,,,,,,,,,,,,,,,,,,,,,,,,,,,,,,,,,,,,,,,,,,,,,,,,,,,,,,,,,,,,,,,,,,,,,,,,,,,,
A20-22 L EVO,924,240,30000,14,0.75,89,50,34,28,3,952,26656,879648,24630144,9.33128E-11,,,,,,,,,,,,,,,,,,,,,,,,,,,,,,,,,,,,,,,,,,,,,,,,,,,,,,,,,,,,,,,,,,,,,,,,,,,,,,,,,,,,,,,,,,,,,,,,,,,,,,,
A20-12 XL EVO,1039,300,30000,10,1.2,75,78,40,28,3,1120,31360,1163680,32583040,5.25314E-11,,,,,,,,,,,,,,,,,,,,,,,,,,,,,,,,,,,,,,,,,,,,,,,,,,,,,,,,,,,,,,,,,,,,,,,,,,,,,,,,,,,,,,,,,,,,,,,,,,,,,,,
A20-6 XL 10 pole EVO,2500,400,30000,10,3.4,20,78,40,28,3,1120,31360,2800000,78400000,0,,,,,,,,,,,,,,,,,,,,,,,,,,,,,,,,,,,,,,,,,,,,,,,,,,,,,,,,,,,,,,,,,,,,,,,,,,,,,,,,,,,,,,,,,,,,,,,,,,,,,,,
A20-6 XL 8 pole EVO,3500,400,30000,8,3.4,14,78,40,28,3,1120,31360,3920000,109760000,0,,,,,,,,,,,,,,,,,,,,,,,,,,,,,,,,,,,,,,,,,,,,,,,,,,,,,,,,,,,,,,,,,,,,,,,,,,,,,,,,,,,,,,,,,,,,,,,,,,,,,,,
A20-8XL EVO,1500,350,30000,10,2.6,26,78,40,28,3,1120,31360,1680000,47040000,3.93022E-11,,,,,,,,,,,,,,,,,,,,,,,,,,,,,,,,,,,,,,,,,,,,,,,,,,,,,,,,,,,,,,,,,,,,,,,,,,,,,,,,,,,,,,,,,,,,,,,,,,,,,,,
A20-33 S V3,1440,300,20000,14,1.4,41,70,28,37,4,1036,38332,1491840,55198080,7.56383E-11,,,,,,,,,,,,,,,,,,,,,,,,,,,,,,,,,,,,,,,,,,,,,,,,,,,,,,,,,,,,,,,,,,,,,,,,,,,,,,,,,,,,,,,,,,,,,,,,,,,,,,,
A30-28 S V3,1140,300,20000,14,1.1,68,70,28,37,4,1036,38332,1181040,43698480,9.55431E-11,,,,,,,,,,,,,,,,,,,,,,,,,,,,,,,,,,,,,,,,,,,,,,,,,,,,,,,,,,,,,,,,,,,,,,,,,,,,,,,,,,,,,,,,,,,,,,,,,,,,,,,
A30-42S-UAV,850,250,20000,14,0.6,140,89,28,37,6,1036,38332,880600,32582200,1.16975E-10,,,,,,,,,,,,,,,,,,,,,,,,,,,,,,,,,,,,,,,,,,,,,,,,,,,,,,,,,,,,,,,,,,,,,,,,,,,,,,,,,,,,,,,,,,,,,,,,,,,,,,,
A30-42S-UAV2,850,250,20000,14,0.6,140,89,28,37,6,1036,38332,880600,32582200,1.16975E-10,,,,,,,,,,,,,,,,,,,,,,,,,,,,,,,,,,,,,,,,,,,,,,,,,,,,,,,,,,,,,,,,,,,,,,,,,,,,,,,,,,,,,,,,,,,,,,,,,,,,,,,
A30-52S-UAV,680,250,20000,14,0.4,220,89,28,37,6,1036,38332,704480,26065760,1.46219E-10,,,,,,,,,,,,,,,,,,,,,,,,,,,,,,,,,,,,,,,,,,,,,,,,,,,,,,,,,,,,,,,,,,,,,,,,,,,,,,,,,,,,,,,,,,,,,,,,,,,,,,,
A30-12 M V3,1370,400,18000,14,2.2,22,104,34,37,4,1258,46546,1723460,63768020,4.65296E-11,,,,,,,,,,,,,,,,,,,,,,,,,,,,,,,,,,,,,,,,,,,,,,,,,,,,,,,,,,,,,,,,,,,,,,,,,,,,,,,,,,,,,,,,,,,,,,,,,,,,,,,
A30-14 M V2,3600,500,45000,6,3.1,19,104,34,35,4,1190,41650,4284000,149940000,0,,,,,,,,,,,,,,,,,,,,,,,,,,,,,,,,,,,,,,,,,,,,,,,,,,,,,,,,,,,,,,,,,,,,,,,,,,,,,,,,,,,,,,,,,,,,,,,,,,,,,,,
A30-16 M V3,1060,400,18000,14,1.6,38,104,34,37,4,1258,46546,1333480,49338760,6.01374E-11,,,,,,,,,,,,,,,,,,,,,,,,,,,,,,,,,,,,,,,,,,,,,,,,,,,,,,,,,,,,,,,,,,,,,,,,,,,,,,,,,,,,,,,,,,,,,,,,,,,,,,,
A30-18 M V2,2900,500,45000,6,1.8,31,104,34,35,4,1190,41650,3451000,120785000,0,,,,,,,,,,,,,,,,,,,,,,,,,,,,,,,,,,,,,,,,,,,,,,,,,,,,,,,,,,,,,,,,,,,,,,,,,,,,,,,,,,,,,,,,,,,,,,,,,,,,,,,
A30-24M-UAV,680,350,20000,14,0.9,80,134,34,37,6,1258,46546,855440,31651280,8.76891E-11,,,,,,,,,,,,,,,,,,,,,,,,,,,,,,,,,,,,,,,,,,,,,,,,,,,,,,,,,,,,,,,,,,,,,,,,,,,,,,,,,,,,,,,,,,,,,,,,,,,,,,,
A30-30M-UAV,550,350,20000,14,0.7,100,134,34,37,6,1258,46546,691900,25600300,1.08416E-10,,,,,,,,,,,,,,,,,,,,,,,,,,,,,,,,,,,,,,,,,,,,,,,,,,,,,,,,,,,,,,,,,,,,,,,,,,,,,,,,,,,,,,,,,,,,,,,,,,,,,,,
A30-10 L V3,1185,500,16000,14,2.3,23,143,40,37.2,4,1488,55353.6,1763280,65594016,3.36877E-11,,,,,,,,,,,,,,,,,,,,,,,,,,,,,,,,,,,,,,,,,,,,,,,,,,,,,,,,,,,,,,,,,,,,,,,,,,,,,,,,,,,,,,,,,,,,,,,,,,,,,,,
A30-12 L V2 6 pole,2800,750,45000,6,2.8,16,125,39,35,4,1365,47775,3822000,133770000,0,,,,,,,,,,,,,,,,,,,,,,,,,,,,,,,,,,,,,,,,,,,,,,,,,,,,,,,,,,,,,,,,,,,,,,,,,,,,,,,,,,,,,,,,,,,,,,,,,,,,,,,
A30-12 L V3,1000,500,16000,14,1.8,30,143,40,37.2,4,1488,55353.6,1488000,55353600,3.99199E-11,,,,,,,,,,,,,,,,,,,,,,,,,,,,,,,,,,,,,,,,,,,,,,,,,,,,,,,,,,,,,,,,,,,,,,,,,,,,,,,,,,,,,,,,,,,,,,,,,,,,,,,
A30-14 L V3,800,500,16000,14,1.6,36,143,40,37.2,4,1488,55353.6,1190400,44282880,4.98998E-11,,,,,,,,,,,,,,,,,,,,,,,,,,,,,,,,,,,,,,,,,,,,,,,,,,,,,,,,,,,,,,,,,,,,,,,,,,,,,,,,,,,,,,,,,,,,,,,,,,,,,,,
A30-18L-UAV,680,500,,14,1,50,170,40,37,6,1480,54760,1006400,37236800,5.93421E-11,,,,,,,,,,,,,,,,,,,,,,,,,,,,,,,,,,,,,,,,,,,,,,,,,,,,,,,,,,,,,,,,,,,,,,,,,,,,,,,,,,,,,,,,,,,,,,,,,,,,,,,
A30-28L-UAV,450,500,,14,0.6,120,170,40,37,6,1480,54760,666000,24642000,8.96725E-11,,,,,,,,,,,,,,,,,,,,,,,,,,,,,,,,,,,,,,,,,,,,,,,,,,,,,,,,,,,,,,,,,,,,,,,,,,,,,,,,,,,,,,,,,,,,,,,,,,,,,,,
A30-10 XL V3,900,650,15000,14,1.9,24,177,46,37.2,4,1711.2,63656.64,1540080,57290976,3.10082E-11,,,,,,,,,,,,,,,,,,,,,,,,,,,,,,,,,,,,,,,,,,,,,,,,,,,,,,,,,,,,,,,,,,,,,,,,,,,,,,,,,,,,,,,,,,,,,,,,,,,,,,,
A30-12 XL V3,700,650,15000,14,1.5,34,177,46,37.2,4,1711.2,63656.64,1197840,44559648,3.98676E-11,,,,,,,,,,,,,,,,,,,,,,,,,,,,,,,,,,,,,,,,,,,,,,,,,,,,,,,,,,,,,,,,,,,,,,,,,,,,,,,,,,,,,,,,,,,,,,,,,,,,,,,
A30-8 XL V3,1100,650,15000,14,2.8,15,177,46,37.2,4,1711.2,63656.64,1882320,70022304,2.53703E-11,,,,,,,,,,,,,,,,,,,,,,,,,,,,,,,,,,,,,,,,,,,,,,,,,,,,,,,,,,,,,,,,,,,,,,,,,,,,,,,,,,,,,,,,,,,,,,,,,,,,,,,
A40-10S V2 14 pole,750,900,,14,2.8,12,208,42,41.7,5,1751.4,73033.38,1313550,54775035,4.79088E-11,,,,,,,,,,,,,,,,,,,,,,,,,,,,,,,,,,,,,,,,,,,,,,,,,,,,,,,,,,,,,,,,,,,,,,,,,,,,,,,,,,,,,,,,,,,,,,,,,,,,,,,
A40-10S V2 8 pole,1600,900,,8,2.6,14,208,42,41.7,5,1751.4,73033.38,2802240,116853408,2.24573E-11,,,,,,,,,,,,,,,,,,,,,,,,,,,,,,,,,,,,,,,,,,,,,,,,,,,,,,,,,,,,,,,,,,,,,,,,,,,,,,,,,,,,,,,,,,,,,,,,,,,,,,,
A40-12S V2 8 pole,1350,900,,8,1.9,17,208,42,41.7,5,1751.4,73033.38,2364390,98595063,2.6616E-11,,,,,,,,,,,,,,,,,,,,,,,,,,,,,,,,,,,,,,,,,,,,,,,,,,,,,,,,,,,,,,,,,,,,,,,,,,,,,,,,,,,,,,,,,,,,,,,,,,,,,,,
A40-16S V2 8 pole,1000,900,,8,1.3,30,208,42,41.7,5,1751.4,73033.38,1751400,73033380,3.59316E-11,,,,,,,,,,,,,,,,,,,,,,,,,,,,,,,,,,,,,,,,,,,,,,,,,,,,,,,,,,,,,,,,,,,,,,,,,,,,,,,,,,,,,,,,,,,,,,,,,,,,,,,
A40-10L V2 14 pole,500,1100,,14,1.7,18,272,52,41.7,5,2168.4,90422.28,1084200,45211140,3.76221E-11,,,,,,,,,,,,,,,,,,,,,,,,,,,,,,,,,,,,,,,,,,,,,,,,,,,,,,,,,,,,,,,,,,,,,,,,,,,,,,,,,,,,,,,,,,,,,,,,,,,,,,,
A40-10L V2 8 pole,1100,1100,,8,1.7,19,272,52,41.7,5,2168.4,90422.28,2385240,99464508,1.71009E-11,,,,,,,,,,,,,,,,,,,,,,,,,,,,,,,,,,,,,,,,,,,,,,,,,,,,,,,,,,,,,,,,,,,,,,,,,,,,,,,,,,,,,,,,,,,,,,,,,,,,,,,
A40-12L V2 14 pole,410,1100,,14,1.5,25,272,52,41.7,5,2168.4,90422.28,889044,37073134.8,4.58806E-11,,,,,,,,,,,,,,,,,,,,,,,,,,,,,,,,,,,,,,,,,,,,,,,,,,,,,,,,,,,,,,,,,,,,,,,,,,,,,,,,,,,,,,,,,,,,,,,,,,,,,,,
A40-14L V2 14 pole,355,1100,,14,1.1,32,272,52,41.7,5,2168.4,90422.28,769782,32099909.4,5.29888E-11,,,,,,,,,,,,,,,,,,,,,,,,,,,,,,,,,,,,,,,,,,,,,,,,,,,,,,,,,,,,,,,,,,,,,,,,,,,,,,,,,,,,,,,,,,,,,,,,,,,,,,,
A40-8L V2 8 pole,1300,1100,,8,2.5,14,272,52,41.7,5,2168.4,90422.28,2818920,117548964,1.447E-11,,,,,,,,,,,,,,,,,,,,,,,,,,,,,,,,,,,,,,,,,,,,,,,,,,,,,,,,,,,,,,,,,,,,,,,,,,,,,,,,,,,,,,,,,,,,,,,,,,,,,,,
A40-14S V2 14 pole,530,900,,14,1.4,21,208,42,41.7,5,1751.4,73033.38,928242,38707691.4,6.77955E-11,,,,,,,,,,,,,,,,,,,,,,,,,,,,,,,,,,,,,,,,,,,,,,,,,,,,,,,,,,,,,,,,,,,,,,,,,,,,,,,,,,,,,,,,,,,,,,,,,,,,,,,
A50-14 XS V3,520,1100,12000,14,1.5,18,289,47,48.7,6,2288.9,111469.43,1190228,57964103.6,3.77827E-11,,,,,,,,,,,,,,,,,,,,,,,,,,,,,,,,,,,,,,,,,,,,,,,,,,,,,,,,,,,,,,,,,,,,,,,,,,,,,,,,,,,,,,,,,,,,,,,,,,,,,,,
A50-12 S V4,480,1250,12000,14,1.8,16,345,52,48.7,6,2532.4,123327.88,1215552,59197382.4,3.06298E-11,,,,,,,,,,,,,,,,,,,,,,,,,,,,,,,,,,,,,,,,,,,,,,,,,,,,,,,,,,,,,,,,,,,,,,,,,,,,,,,,,,,,,,,,,,,,,,,,,,,,,,,
A50-14 S V3,425,1250,12000,14,1.5,21,345,52,48.7,6,2532.4,123327.88,1076270,52414349,3.45937E-11,,,,,,,,,,,,,,,,,,,,,,,,,,,,,,,,,,,,,,,,,,,,,,,,,,,,,,,,,,,,,,,,,,,,,,,,,,,,,,,,,,,,,,,,,,,,,,,,,,,,,,,
A50-16 S V3,365,1250,12000,14,1.4,26,345,52,48.7,6,2532.4,123327.88,924326,45014676.2,4.02803E-11,,,,,,,,,,,,,,,,,,,,,,,,,,,,,,,,,,,,,,,,,,,,,,,,,,,,,,,,,,,,,,,,,,,,,,,,,,,,,,,,,,,,,,,,,,,,,,,,,,,,,,,
A50-6S Turnado V3,1100,2800,,10,5.1,7,348,51,51.5,6,2626.5,135264.75,2889150,148791225,1.91459E-11,,,,,,,,,,,,,,,,,,,,,,,,,,,,,,,,,,,,,,,,,,,,,,,,,,,,,,,,,,,,,,,,,,,,,,,,,,,,,,,,,,,,,,,,,,,,,,,,,,,,,,,
A50-8S Turnado V3,850,2800,,10,4.1,9,348,51,51.5,6,2626.5,135264.75,2232525,114975037.5,2.47771E-11,,,,,,,,,,,,,,,,,,,,,,,,,,,,,,,,,,,,,,,,,,,,,,,,,,,,,,,,,,,,,,,,,,,,,,,,,,,,,,,,,,,,,,,,,,,,,,,,,,,,,,,
A50-10L Turnado V3,530,4500,,10,1.9,15,455,61,51.5,6,3141.5,161787.25,1664995,85747242.5,2.69192E-11,,,,,,,,,,,,,,,,,,,,,,,,,,,,,,,,,,,,,,,,,,,,,,,,,,,,,,,,,,,,,,,,,,,,,,,,,,,,,,,,,,,,,,,,,,,,,,,,,,,,,,,
A50-12 L V3,355,1650,9000,14,1.5,21,445,62,48.7,6,3019.4,147044.78,1071887,52200896.9,2.5709E-11,,,,,,,,,,,,,,,,,,,,,,,,,,,,,,,,,,,,,,,,,,,,,,,,,,,,,,,,,,,,,,,,,,,,,,,,,,,,,,,,,,,,,,,,,,,,,,,,,,,,,,,
A50-14 L V3,300,1650,9000,14,1,25,445,62,48.7,6,3019.4,147044.78,905820,44113434,3.04223E-11,,,,,,,,,,,,,,,,,,,,,,,,,,,,,,,,,,,,,,,,,,,,,,,,,,,,,,,,,,,,,,,,,,,,,,,,,,,,,,,,,,,,,,,,,,,,,,,,,,,,,,,
A50-14L Turnado V3,400,4500,,10,1.1,26,455,61,51.5,6,3141.5,161787.25,1256600,64714900,3.56679E-11,,,,,,,,,,,,,,,,,,,,,,,,,,,,,,,,,,,,,,,,,,,,,,,,,,,,,,,,,,,,,,,,,,,,,,,,,,,,,,,,,,,,,,,,,,,,,,,,,,,,,,,
A50-16 L V3,265,1650,9000,14,1,31,445,62,48.7,6,3019.4,147044.78,800141,38966866.7,3.44403E-11,,,,,,,,,,,,,,,,,,,,,,,,,,,,,,,,,,,,,,,,,,,,,,,,,,,,,,,,,,,,,,,,,,,,,,,,,,,,,,,,,,,,,,,,,,,,,,,,,,,,,,,
A50-12L Turnado V3,450,4500,,10,1.2,19,455,61,51.5,6,3141.5,161787.25,1413675,72804262.5,3.17048E-11,,,,,,,,,,,,,,,,,,,,,,,,,,,,,,,,,,,,,,,,,,,,,,,,,,,,,,,,,,,,,,,,,,,,,,,,,,,,,,,,,,,,,,,,,,,,,,,,,,,,,,,
A60-5XS V4 28 pole,420,1900,9000,28,2.4,12,480,60,52,8,3120,162240,1310400,68140800,2.29399E-11,,,,,,,,,,,,,,,,,,,,,,,,,,,,,,,,,,,,,,,,,,,,,,,,,,,,,,,,,,,,,,,,,,,,,,,,,,,,,,,,,,,,,,,,,,,,,,,,,,,,,,,
A60-6XS V4 28 pole,270,1900,9000,28,2.4,12,480,60,52,8,3120,162240,842400,43804800,3.56843E-11,,,,,,,,,,,,,,,,,,,,,,,,,,,,,,,,,,,,,,,,,,,,,,,,,,,,,,,,,,,,,,,,,,,,,,,,,,,,,,,,,,,,,,,,,,,,,,,,,,,,,,,
A60-7XS V4 28 pole,320,2800,9000,28,2.4,12,480,60,52,8,3120,162240,998400,51916800,3.65505E-11,,,,,,,,,,,,,,,,,,,,,,,,,,,,,,,,,,,,,,,,,,,,,,,,,,,,,,,,,,,,,,,,,,,,,,,,,,,,,,,,,,,,,,,,,,,,,,,,,,,,,,,
A60-5S V4 28 pole,295,2700,7000,28,1.7,15,595,65,60,8,3900,234000,1150500,69030000,2.20984E-11,,,,,,,,,,,,,,,,,,,,,,,,,,,,,,,,,,,,,,,,,,,,,,,,,,,,,,,,,,,,,,,,,,,,,,,,,,,,,,,,,,,,,,,,,,,,,,,,,,,,,,,
A60-7S V4 28 pole,215,3400,7000,28,1.7,15,595,65,60,8,3900,234000,838500,50310000,3.40253E-11,,,,,,,,,,,,,,,,,,,,,,,,,,,,,,,,,,,,,,,,,,,,,,,,,,,,,,,,,,,,,,,,,,,,,,,,,,,,,,,,,,,,,,,,,,,,,,,,,,,,,,,
A60-7S V2 28 pole,215,2100,7000,28,1.2,26,595,65,60,8,3900,234000,838500,50310000,2.67406E-11,,,,,,,,,,,,,,,,,,,,,,,,,,,,,,,,,,,,,,,,,,,,,,,,,,,,,,,,,,,,,,,,,,,,,,,,,,,,,,,,,,,,,,,,,,,,,,,,,,,,,,,
A60-8S V4 28 pole,188,2800,7000,28,1.7,15,595,65,60,8,3900,234000,733200,43992000,3.5312E-11,,,,,,,,,,,,,,,,,,,,,,,,,,,,,,,,,,,,,,,,,,,,,,,,,,,,,,,,,,,,,,,,,,,,,,,,,,,,,,,,,,,,,,,,,,,,,,,,,,,,,,,
A60-20S V2 28 Pole,245,1900,7000,28,1.7,27,595,60,60,8,3600,216000,882000,52920000,2.95378E-11,,,,,,,,,,,,,,,,,,,,,,,,,,,,,,,,,,,,,,,,,,,,,,,,,,,,,,,,,,,,,,,,,,,,,,,,,,,,,,,,,,,,,,,,,,,,,,,,,,,,,,,
A60-22S V2 28 pole,217,1900,7000,28,1.5,30,595,60,60,8,3600,216000,781200,46872000,3.33492E-11,,,,,,,,,,,,,,,,,,,,,,,,,,,,,,,,,,,,,,,,,,,,,,,,,,,,,,,,,,,,,,,,,,,,,,,,,,,,,,,,,,,,,,,,,,,,,,,,,,,,,,,
A60-24S V2 28 pole,195,1900,7000,28,1.3,38,595,60,60,8,3600,216000,702000,42120000,3.71117E-11,,,,,,,,,,,,,,,,,,,,,,,,,,,,,,,,,,,,,,,,,,,,,,,,,,,,,,,,,,,,,,,,,,,,,,,,,,,,,,,,,,,,,,,,,,,,,,,,,,,,,,,
A60-16M V4 14 pole,215,3400,7000,14,1.7,15,750,75.2,60,8,4512,270720,970080,58204800,2.04285E-11,,,,,,,,,,,,,,,,,,,,,,,,,,,,,,,,,,,,,,,,,,,,,,,,,,,,,,,,,,,,,,,,,,,,,,,,,,,,,,,,,,,,,,,,,,,,,,,,,,,,,,,
A60-16 M,215,2200,7000,12,1.9,22,760,70,59,8,4130,243670,887950,52389050,2.18386E-11,,,,,,,,,,,,,,,,,,,,,,,,,,,,,,,,,,,,,,,,,,,,,,,,,,,,,,,,,,,,,,,,,,,,,,,,,,,,,,,,,,,,,,,,,,,,,,,,,,,,,,,
A60-18M V4 14 pole,190,3200,7000,14,1,29,750,75.2,60,8,4512,270720,857280,51436800,2.24262E-11,,,,,,,,,,,,,,,,,,,,,,,,,,,,,,,,,,,,,,,,,,,,,,,,,,,,,,,,,,,,,,,,,,,,,,,,,,,,,,,,,,,,,,,,,,,,,,,,,,,,,,,
A60-18 M,190,2200,7000,12,1.8,27,760,70,59,8,4130,243670,784700,46297300,2.47122E-11,,,,,,,,,,,,,,,,,,,,,,,,,,,,,,,,,,,,,,,,,,,,,,,,,,,,,,,,,,,,,,,,,,,,,,,,,,,,,,,,,,,,,,,,,,,,,,,,,,,,,,,
A60-20 M,170,2200,7000,12,1.7,32,760,70,59,8,4130,243670,702100,41423900,2.76195E-11,,,,,,,,,,,,,,,,,,,,,,,,,,,,,,,,,,,,,,,,,,,,,,,,,,,,,,,,,,,,,,,,,,,,,,,,,,,,,,,,,,,,,,,,,,,,,,,,,,,,,,,
A60-20M V4 14 pole,170,2400,7000,14,0.97,36,750,75.2,60,8,4512,270720,767040,46022400,2.17066E-11,,,,,,,,,,,,,,,,,,,,,,,,,,,,,,,,,,,,,,,,,,,,,,,,,,,,,,,,,,,,,,,,,,,,,,,,,,,,,,,,,,,,,,,,,,,,,,,,,,,,,,,
A60-14L V4 14 pole,170,2400,7000,14,0.97,36,750,75.2,60,8,4512,270720,767040,46022400,2.17066E-11,,,,,,,,,,,,,,,,,,,,,,,,,,,,,,,,,,,,,,,,,,,,,,,,,,,,,,,,,,,,,,,,,,,,,,,,,,,,,,,,,,,,,,,,,,,,,,,,,,,,,,,
A60-14 L,192,3000,7000,12,2.5,16,910,80,59,8,4720,278480,906240,53468160,1.78954E-11,,,,,,,,,,,,,,,,,,,,,,,,,,,,,,,,,,,,,,,,,,,,,,,,,,,,,,,,,,,,,,,,,,,,,,,,,,,,,,,,,,,,,,,,,,,,,,,,,,,,,,,
A60-16L V4 14 pole,168,3200,7000,14,1.3,27,905,85.2,60,8,5112,306720,858816,51528960,1.63842E-11,,,,,,,,,,,,,,,,,,,,,,,,,,,,,,,,,,,,,,,,,,,,,,,,,,,,,,,,,,,,,,,,,,,,,,,,,,,,,,,,,,,,,,,,,,,,,,,,,,,,,,,
A60-16 L,168,3000,7000,12,1.8,18,910,80,59,8,4720,278480,792960,46784640,2.04518E-11,,,,,,,,,,,,,,,,,,,,,,,,,,,,,,,,,,,,,,,,,,,,,,,,,,,,,,,,,,,,,,,,,,,,,,,,,,,,,,,,,,,,,,,,,,,,,,,,,,,,,,,
A60-18L V4 14 pole,149,3300,7000,14,1.21,34,905,85.2,60,8,5112,306720,761688,45701280,1.87599E-11,,,,,,,,,,,,,,,,,,,,,,,,,,,,,,,,,,,,,,,,,,,,,,,,,,,,,,,,,,,,,,,,,,,,,,,,,,,,,,,,,,,,,,,,,,,,,,,,,,,,,,,
A60-18 L,149,3000,7000,12,1.6,20,910,80,59,8,4720,278480,703280,41493520,2.30598E-11,,,,,,,,,,,,,,,,,,,,,,,,,,,,,,,,,,,,,,,,,,,,,,,,,,,,,,,,,,,,,,,,,,,,,,,,,,,,,,,,,,,,,,,,,,,,,,,,,,,,,,,
Q80-13XS F3A,225,2800,9000,28,1,24,520,65,88.5,8,5752.5,509096.25,1294312.5,114546656.3,1.35617E-11,,,,,,,,,,,,,,,,,,,,,,,,,,,,,,,,,,,,,,,,,,,,,,,,,,,,,,,,,,,,,,,,,,,,,,,,,,,,,,,,,,,,,,,,,,,,,,,,,,,,,,,
Q80-14XS F3A,209,2800,9000,28,0.9,25,520,65,88.5,8,5752.5,509096.25,1202272.5,106401116.3,1.45999E-11,,,,,,,,,,,,,,,,,,,,,,,,,,,,,,,,,,,,,,,,,,,,,,,,,,,,,,,,,,,,,,,,,,,,,,,,,,,,,,,,,,,,,,,,,,,,,,,,,,,,,,,
Q80-11S 28 pole,205,3000,9000,28,1.1,20,630,69,88.5,8,6106.5,540425.25,1251832.5,110787176.3,1.25011E-11,,,,,,,,,,,,,,,,,,,,,,,,,,,,,,,,,,,,,,,,,,,,,,,,,,,,,,,,,,,,,,,,,,,,,,,,,,,,,,,,,,,,,,,,,,,,,,,,,,,,,,,
Q80-13S 20 pole F3A,215,3000,9000,20,1.3,29,610,69,88.5,8,6106.5,540425.25,1312897.5,116191428.8,1.19197E-11,,,,,,,,,,,,,,,,,,,,,,,,,,,,,,,,,,,,,,,,,,,,,,,,,,,,,,,,,,,,,,,,,,,,,,,,,,,,,,,,,,,,,,,,,,,,,,,,,,,,,,,
Q80-13S 28 pole,175,3000,9000,28,0.9,29,610,69,88.5,8,6106.5,540425.25,1068637.5,94574418.75,1.46442E-11,,,,,,,,,,,,,,,,,,,,,,,,,,,,,,,,,,,,,,,,,,,,,,,,,,,,,,,,,,,,,,,,,,,,,,,,,,,,,,,,,,,,,,,,,,,,,,,,,,,,,,,
Q80-7M V2,210,5500,9000,28,1.6,10,1035,79.3,88.5,10,7018.05,621097.425,1473790.5,130430459.3,1.01536E-11,,,,,,,,,,,,,,,,,,,,,,,,,,,,,,,,,,,,,,,,,,,,,,,,,,,,,,,,,,,,,,,,,,,,,,,,,,,,,,,,,,,,,,,,,,,,,,,,,,,,,,,
Q80-8M V2,180,5500,9000,28,1.6,13,1035,79.3,88.5,10,7018.05,621097.425,1263249,111797536.5,1.18458E-11,,,,,,,,,,,,,,,,,,,,,,,,,,,,,,,,,,,,,,,,,,,,,,,,,,,,,,,,,,,,,,,,,,,,,,,,,,,,,,,,,,,,,,,,,,,,,,,,,,,,,,,
Q80-11M V2,135,5500,7500,28,1,21,1035,79.3,88.5,10,7018.05,621097.425,947436.75,83848152.38,1.57945E-11,,,,,,,,,,,,,,,,,,,,,,,,,,,,,,,,,,,,,,,,,,,,,,,,,,,,,,,,,,,,,,,,,,,,,,,,,,,,,,,,,,,,,,,,,,,,,,,,,,,,,,,
Q80-5L V2,215,7000,9000,28,2.4,7,1255,89.3,88.5,10,7903.05,699419.925,1699155.75,150375283.9,0,,,,,,,,,,,,,,,,,,,,,,,,,,,,,,,,,,,,,,,,,,,,,,,,,,,,,,,,,,,,,,,,,,,,,,,,,,,,,,,,,,,,,,,,,,,,,,,,,,,,,,,
Q80-6L V2,180,7000,9000,28,1.8,9,1255,89.3,88.5,10,7903.05,699419.925,1422549,125895586.5,0,,,,,,,,,,,,,,,,,,,,,,,,,,,,,,,,,,,,,,,,,,,,,,,,,,,,,,,,,,,,,,,,,,,,,,,,,,,,,,,,,,,,,,,,,,,,,,,,,,,,,,,
Q80-7L V2,155,7000,9000,28,1.7,12,1255,89.3,88.5,10,7903.05,699419.925,1224972.75,108410088.4,0,,,,,,,,,,,,,,,,,,,,,,,,,,,,,,,,,,,,,,,,,,,,,,,,,,,,,,,,,,,,,,,,,,,,,,,,,,,,,,,,,,,,,,,,,,,,,,,,,,,,,,,
Q100-6M,168,9300,,28,3.16,49,1830,95.5,113,10,10791.5,1219439.5,1812972,204865836,0,,,,,,,,,,,,,,,,,,,,,,,,,,,,,,,,,,,,,,,,,,,,,,,,,,,,,,,,,,,,,,,,,,,,,,,,,,,,,,,,,,,,,,,,,,,,,,,,,,,,,,,
Q100-7M,140,9500,,28,2.68,66,1830,95.5,113,10,10791.5,1219439.5,1510810,170721530,0,,,,,,,,,,,,,,,,,,,,,,,,,,,,,,,,,,,,,,,,,,,,,,,,,,,,,,,,,,,,,,,,,,,,,,,,,,,,,,,,,,,,,,,,,,,,,,,,,,,,,,,
Q100-8M,126,8800,,28,2.23,86,1830,95.5,113,10,10791.5,1219439.5,1359729,153649377,0,,,,,,,,,,,,,,,,,,,,,,,,,,,,,,,,,,,,,,,,,,,,,,,,,,,,,,,,,,,,,,,,,,,,,,,,,,,,,,,,,,,,,,,,,,,,,,,,,,,,,,,
Q100-9M,110,7100,,28,1.86,106,1830,95.5,113,10,10791.5,1219439.5,1187065,134138345,0,,,,,,,,,,,,,,,,,,,,,,,,,,,,,,,,,,,,,,,,,,,,,,,,,,,,,,,,,,,,,,,,,,,,,,,,,,,,,,,,,,,,,,,,,,,,,,,,,,,,,,,
Q100-5L,137,7100,,28,3.16,53,2300,107.5,113,10,12147.5,1372667.5,1664207.5,188055447.5,0,,,,,,,,,,,,,,,,,,,,,,,,,,,,,,,,,,,,,,,,,,,,,,,,,,,,,,,,,,,,,,,,,,,,,,,,,,,,,,,,,,,,,,,,,,,,,,,,,,,,,,,
A100-10,150,7000,8000,20,2.5,16,1900,110,109,10,11990,1306910,1798500,196036500,0,,,,,,,,,,,,,,,,,,,,,,,,,,,,,,,,,,,,,,,,,,,,,,,,,,,,,,,,,,,,,,,,,,,,,,,,,,,,,,,,,,,,,,,,,,,,,,,,,,,,,,,
A150-10,133,9000,8000,20,3.3,20,2100,114,109,10,12426,1354434,1652658,180139722,0,,,,,,,,,,,,,,,,,,,,,,,,,,,,,,,,,,,,,,,,,,,,,,,,,,,,,,,,,,,,,,,,,,,,,,,,,,,,,,,,,,,,,,,,,,,,,,,,,,,,,,,
A150-8,166,9000,8000,20,3.6,15,2100,114,109,10,12426,1354434,2062716,224836044,0,,,,,,,,,,,,,,,,,,,,,,,,,,,,,,,,,,,,,,,,,,,,,,,,,,,,,,,,,,,,,,,,,,,,,,,,,,,,,,,,,,,,,,,,,,,,,,,,,,,,,,,
AXI 2808/16 GOLD LINE V2 LONG,1820,170,,,2,75,85,39,35,,1365,47775,2484300,86950500,1.57867E-11,,,,,,,,,,,,,,,,,,,,,,,,,,,,,,,,,,,,,,,,,,,,,,,,,,,,,,,,,,,,,,,,,,,,,,,,,,,,,,,,,,,,,,,,,,,,,,,,,,,,,,,
,1490,256,,,1.2,105,85,39,35,,1365,47775,2033850,71184750,2.36631E-11,,,,,,,,,,,,,,,,,,,,,,,,,,,,,,,,,,,,,,,,,,,,,,,,,,,,,,,,,,,,,,,,,,,,,,,,,,,,,,,,,,,,,,,,,,,,,,,,,,,,,,,
AXI 2808/24 GOLD LINE V2 LONG,1190,232,,,1,115,85,39,35,,1365,47775,1624350,56852250,2.82056E-11,,,,,,,,,,,,,,,,,,,,,,,,,,,,,,,,,,,,,,,,,,,,,,,,,,,,,,,,,,,,,,,,,,,,,,,,,,,,,,,,,,,,,,,,,,,,,,,,,,,,,,,
,1820,170,,,2,75,77,31.5,35,,1102.5,38587.5,2006550,70229250,3.33373E-11,,,,,,,,,,,,,,,,,,,,,,,,,,,,,,,,,,,,,,,,,,,,,,,,,,,,,,,,,,,,,,,,,,,,,,,,,,,,,,,,,,,,,,,,,,,,,,,,,,,,,,,
AXI 2808/20 GOLD LINE V2,1490,256,,,1.3,105,77,31.5,35,,1102.5,38587.5,1642725,57495375,4.99702E-11,,,,,,,,,,,,,,,,,,,,,,,,,,,,,,,,,,,,,,,,,,,,,,,,,,,,,,,,,,,,,,,,,,,,,,,,,,,,,,,,,,,,,,,,,,,,,,,,,,,,,,,
,1190,232,,,1,115,77,31.5,35,,1102.5,38587.5,1311975,45919125,5.95626E-11,,,,,,,,,,,,,,,,,,,,,,,,,,,,,,,,,,,,,,,,,,,,,,,,,,,,,,,,,,,,,,,,,,,,,,,,,,,,,,,,,,,,,,,,,,,,,,,,,,,,,,,
AXI 2814/10 GOLD LINE V2 LONG,1640,460,,,2.2,37,115,45,35,,1575,55125,2583000,90405000,1.74645E-11,,,,,,,,,,,,,,,,,,,,,,,,,,,,,,,,,,,,,,,,,,,,,,,,,,,,,,,,,,,,,,,,,,,,,,,,,,,,,,,,,,,,,,,,,,,,,,,,,,,,,,,
,1390,360,,,1.7,53,115,45,35,,1575,55125,2189250,76623750,1.82287E-11,,,,,,,,,,,,,,,,,,,,,,,,,,,,,,,,,,,,,,,,,,,,,,,,,,,,,,,,,,,,,,,,,,,,,,,,,,,,,,,,,,,,,,,,,,,,,,,,,,,,,,,
AXI 2814/16 GOLD LINE V2 LONG,1035,325,,,1,85,115,45,35,,1575,55125,1630125,57054375,2.32606E-11,,,,,,,,,,,,,,,,,,,,,,,,,,,,,,,,,,,,,,,,,,,,,,,,,,,,,,,,,,,,,,,,,,,,,,,,,,,,,,,,,,,,,,,,,,,,,,,,,,,,,,,
,840,355,,,0.6,145,115,45,35,,1575,55125,1323000,46305000,2.9954E-11,,,,,,,,,,,,,,,,,,,,,,,,,,,,,,,,,,,,,,,,,,,,,,,,,,,,,,,,,,,,,,,,,,,,,,,,,,,,,,,,,,,,,,,,,,,,,,,,,,,,,,,
AXI 2820/8 GOLD LINE V2 LONG,1500,565,,,3.2,26,158,52,35,,1820,63700,2730000,95550000,1.27581E-11,,,,,,,,,,,,,,,,,,,,,,,,,,,,,,,,,,,,,,,,,,,,,,,,,,,,,,,,,,,,,,,,,,,,,,,,,,,,,,,,,,,,,,,,,,,,,,,,,,,,,,,
,1200,585,,,2.2,39,158,52,35,,1820,63700,2184000,76440000,1.62274E-11,,,,,,,,,,,,,,,,,,,,,,,,,,,,,,,,,,,,,,,,,,,,,,,,,,,,,,,,,,,,,,,,,,,,,,,,,,,,,,,,,,,,,,,,,,,,,,,,,,,,,,,
AXI 2820/12 GOLD LINE V2 LONG,990,650,,,1.6,59,158,52,35,,1820,63700,1801800,63063000,2.07336E-11,,,,,,,,,,,,,,,,,,,,,,,,,,,,,,,,,,,,,,,,,,,,,,,,,,,,,,,,,,,,,,,,,,,,,,,,,,,,,,,,,,,,,,,,,,,,,,,,,,,,,,,
,860,520,,,1.6,78,158,52,35,,1820,63700,1565200,54782000,2.13479E-11,,,,,,,,,,,,,,,,,,,,,,,,,,,,,,,,,,,,,,,,,,,,,,,,,,,,,,,,,,,,,,,,,,,,,,,,,,,,,,,,,,,,,,,,,,,,,,,,,,,,,,,
AXI 2814/6D GOLD LINE V2,2850,550,,,4.5,22,107,37.5,35,,1312.5,45937.5,3740625,130921875,0,,,,,,,,,,,,,,,,,,,,,,,,,,,,,,,,,,,,,,,,,,,,,,,,,,,,,,,,,,,,,,,,,,,,,,,,,,,,,,,,,,,,,,,,,,,,,,,,,,,,,,,
,1640,460,,,2.3,37,107,37.5,35,,1312.5,45937.5,2152500,75337500,3.3059E-11,,,,,,,,,,,,,,,,,,,,,,,,,,,,,,,,,,,,,,,,,,,,,,,,,,,,,,,,,,,,,,,,,,,,,,,,,,,,,,,,,,,,,,,,,,,,,,,,,,,,,,,
AXI 2814/12 GOLD LINE V2,1390,360,,,1.8,53,107,37.5,35,,1312.5,45937.5,1824375,63853125,3.45057E-11,,,,,,,,,,,,,,,,,,,,,,,,,,,,,,,,,,,,,,,,,,,,,,,,,,,,,,,,,,,,,,,,,,,,,,,,,,,,,,,,,,,,,,,,,,,,,,,,,,,,,,,
,1035,325,,,1,85,107,37.5,35,,1312.5,45937.5,1358437.5,47545312.5,4.40307E-11,,,,,,,,,,,,,,,,,,,,,,,,,,,,,,,,,,,,,,,,,,,,,,,,,,,,,,,,,,,,,,,,,,,,,,,,,,,,,,,,,,,,,,,,,,,,,,,,,,,,,,,
AXI 2814/20 GOLD LINE V2,840,355,,,0.7,145,107,37.5,35,,1312.5,45937.5,1102500,38587500,5.67008E-11,,,,,,,,,,,,,,,,,,,,,,,,,,,,,,,,,,,,,,,,,,,,,,,,,,,,,,,,,,,,,,,,,,,,,,,,,,,,,,,,,,,,,,,,,,,,,,,,,,,,,,,
,1500,565,,,3.3,26,148,46,35,,1610,56350,2415000,84525000,1.9595E-11,,,,,,,,,,,,,,,,,,,,,,,,,,,,,,,,,,,,,,,,,,,,,,,,,,,,,,,,,,,,,,,,,,,,,,,,,,,,,,,,,,,,,,,,,,,,,,,,,,,,,,,
AXI 2820/10 GOLD LINE V2,1200,585,,,2.3,39,148,46,35,,1610,56350,1932000,67620000,2.49235E-11,,,,,,,,,,,,,,,,,,,,,,,,,,,,,,,,,,,,,,,,,,,,,,,,,,,,,,,,,,,,,,,,,,,,,,,,,,,,,,,,,,,,,,,,,,,,,,,,,,,,,,,
,990,650,,,1.7,59,148,46,35,,1610,56350,1593900,55786500,3.18444E-11,,,,,,,,,,,,,,,,,,,,,,,,,,,,,,,,,,,,,,,,,,,,,,,,,,,,,,,,,,,,,,,,,,,,,,,,,,,,,,,,,,,,,,,,,,,,,,,,,,,,,,,
AXI 2820/14 GOLD LINE V2,860,520,,,1.7,78,148,44,35,,1540,53900,1324400,46354000,3.83074E-11,,,,,,,,,,,,,,,,,,,,,,,,,,,,,,,,,,,,,,,,,,,,,,,,,,,,,,,,,,,,,,,,,,,,,,,,,,,,,,,,,,,,,,,,,,,,,,,,,,,,,,,
,760,655,,,1.2,62,187,57.5,35,,2012.5,70437.5,1529500,53532500,1.90692E-11,,,,,,,,,,,,,,,,,,,,,,,,,,,,,,,,,,,,,,,,,,,,,,,,,,,,,,,,,,,,,,,,,,,,,,,,,,,,,,,,,,,,,,,,,,,,,,,,,,,,,,,
AXI 4120/14 GOLD LINE V2,660,1015,,,1.9,41,315,54.4,49,,2665.6,130614.4,1759296,86205504,1.69317E-11,,,,,,,,,,,,,,,,,,,,,,,,,,,,,,,,,,,,,,,,,,,,,,,,,,,,,,,,,,,,,,,,,,,,,,,,,,,,,,,,,,,,,,,,,,,,,,,,,,,,,,,
,515,1500,,,1.3,70,315,54.4,49,,2665.6,130614.4,1372784,67266416,2.63785E-11,,,,,,,,,,,,,,,,,,,,,,,,,,,,,,,,,,,,,,,,,,,,,,,,,,,,,,,,,,,,,,,,,,,,,,,,,,,,,,,,,,,,,,,,,,,,,,,,,,,,,,,
AXI 4120/20 GOLD LINE V2,465,1160,,,1.4,82,315,54.4,49,,2665.6,130614.4,1239504,60735696,2.56914E-11,,,,,,,,,,,,,,,,,,,,,,,,,,,,,,,,,,,,,,,,,,,,,,,,,,,,,,,,,,,,,,,,,,,,,,,,,,,,,,,,,,,,,,,,,,,,,,,,,,,,,,,
,385,1780,,,1.2,63,410,64.4,49,,3155.6,154624.4,1214906,59530394,2.1294E-11,,,,,,,,,,,,,,,,,,,,,,,,,,,,,,,,,,,,,,,,,,,,,,,,,,,,,,,,,,,,,,,,,,,,,,,,,,,,,,,,,,,,,,,,,,,,,,,,,,,,,,,
AXI 4130/20 GOLD LINE V2,305,1650,,,1.1,99,410,64.4,49,,3155.6,154624.4,962458,47160442,2.58791E-11,,,,,,,,,,,,,,,,,,,,,,,,,,,,,,,,,,,,,,,,,,,,,,,,,,,,,,,,,,,,,,,,,,,,,,,,,,,,,,,,,,,,,,,,,,,,,,,,,,,,,,,
,370,1850,,,1.3,23,515,59.2,63,,3729.6,234964.8,1379952,86936976,1.83475E-11,,,,,,,,,,,,,,,,,,,,,,,,,,,,,,,,,,,,,,,,,,,,,,,,,,,,,,,,,,,,,,,,,,,,,,,,,,,,,,,,,,,,,,,,,,,,,,,,,,,,,,,
AXI 5320/28 GOLD LINE V2,249,1600,,,1.3,57,515,59.2,63,,3729.6,234964.8,928670.4,58506235.2,2.53544E-11,,,,,,,,,,,,,,,,,,,,,,,,,,,,,,,,,,,,,,,,,,,,,,,,,,,,,,,,,,,,,,,,,,,,,,,,,,,,,,,,,,,,,,,,,,,,,,,,,,,,,,,
,206,1850,,,1.1,84,515,59.2,63,,3729.6,234964.8,768297.6,48402748.8,3.29543E-11,,,,,,,,,,,,,,,,,,,,,,,,,,,,,,,,,,,,,,,,,,,,,,,,,,,,,,,,,,,,,,,,,,,,,,,,,,,,,,,,,,,,,,,,,,,,,,,,,,,,,,,
AXI 5325/18 GOLD LINE V2,308,2440,,,1.6,32,595,63.2,63,,3981.6,250840.8,1226332.8,77258966.4,2.01351E-11,,,,,,,,,,,,,,,,,,,,,,,,,,,,,,,,,,,,,,,,,,,,,,,,,,,,,,,,,,,,,,,,,,,,,,,,,,,,,,,,,,,,,,,,,,,,,,,,,,,,,,,
,280,2430,,,1.9,37,595,63.2,63,,3981.6,250840.8,1114848,70235424,2.21032E-11,,,,,,,,,,,,,,,,,,,,,,,,,,,,,,,,,,,,,,,,,,,,,,,,,,,,,,,,,,,,,,,,,,,,,,,,,,,,,,,,,,,,,,,,,,,,,,,,,,,,,,,
AXI 5325/24 GOLD LINE V2,232,2850,,,1.6,45,595,63.2,63,,3981.6,250840.8,923731.2,58195065.6,2.88897E-11,,,,,,,,,,,,,,,,,,,,,,,,,,,,,,,,,,,,,,,,,,,,,,,,,,,,,,,,,,,,,,,,,,,,,,,,,,,,,,,,,,,,,,,,,,,,,,,,,,,,,,,
,350,2650,,,2,26,595,63.2,63,,3981.6,250840.8,1393560,87794280,1.84656E-11,,,,,,,,,,,,,,,,,,,,,,,,,,,,,,,,,,,,,,,,,,,,,,,,,,,,,,,,,,,,,,,,,,,,,,,,,,,,,,,,,,,,,,,,,,,,,,,,,,,,,,,
AXI 5320/18 3D EXTREME KV370 V2,370,1900,,,1.3,23,530,55.2,63,,3477.6,219088.8,1286712,81062856,2.37524E-11,,,,,,,,,,,,,,,,,,,,,,,,,,,,,,,,,,,,,,,,,,,,,,,,,,,,,,,,,,,,,,,,,,,,,,,,,,,,,,,,,,,,,,,,,,,,,,,,,,,,,,,
,259,2870,,,1.9,32,672,68.2,63,,4296.6,270685.8,1112819.4,70107622.2,1.98937E-11,,,,,,,,,,,,,,,,,,,,,,,,,,,,,,,,,,,,,,,,,,,,,,,,,,,,,,,,,,,,,,,,,,,,,,,,,,,,,,,,,,,,,,,,,,,,,,,,,,,,,,,
AXI 5330/24 GOLD LINE V2,197,2220,,,1.4,57,672,68.2,63,,4296.6,270685.8,846430.2,53325102.6,2.3003E-11,,,,,,,,,,,,,,,,,,,,,,,,,,,,,,,,,,,,,,,,,,,,,,,,,,,,,,,,,,,,,,,,,,,,,,,,,,,,,,,,,,,,,,,,,,,,,,,,,,,,,,,
,235,2780,,,1.7,45,672,68.2,63,,4296.6,270685.8,1009701,63611163,2.15788E-11,,,,,,,,,,,,,,,,,,,,,,,,,,,,,,,,,,,,,,,,,,,,,,,,,,,,,,,,,,,,,,,,,,,,,,,,,,,,,,,,,,,,,,,,,,,,,,,,,,,,,,,
AXI 5325/16 3D EXTREME KV350 V2,350,2700,,,2,26,640,61.2,63,,3855.6,242902.8,1349460,85015980,2.08594E-11,,,,,,,,,,,,,,,,,,,,,,,,,,,,,,,,,,,,,,,,,,,,,,,,,,,,,,,,,,,,,,,,,,,,,,,,,,,,,,,,,,,,,,,,,,,,,,,,,,,,,,,
,280,2500,,,1.9,37,640,61.2,63,,3855.6,242902.8,1079568,68012784,2.509E-11,,,,,,,,,,,,,,,,,,,,,,,,,,,,,,,,,,,,,,,,,,,,,,,,,,,,,,,,,,,,,,,,,,,,,,,,,,,,,,,,,,,,,,,,,,,,,,,,,,,,,,,
AXI 5330/24 3D EXTREME KV197 V2,197,2500,,,1.4,57,690,65.2,63,,4107.6,258778.8,809197.2,50979423.6,2.8573E-11,,,,,,,,,,,,,,,,,,,,,,,,,,,,,,,,,,,,,,,,,,,,,,,,,,,,,,,,,,,,,,,,,,,,,,,,,,,,,,,,,,,,,,,,,,,,,,,,,,,,,,,
,235,2900,,,1.7,45,690,65.2,63,,4107.6,258778.8,965286,60813018,2.57978E-11,,,,,,,,,,,,,,,,,,,,,,,,,,,,,,,,,,,,,,,,,,,,,,,,,,,,,,,,,,,,,,,,,,,,,,,,,,,,,,,,,,,,,,,,,,,,,,,,,,,,,,,
AXI 5345/14 HD GOLD LINE V2,225,4200,,,2.5,27,995,84.3,63,,5310.9,334586.7,1194952.5,75282007.5,1.31936E-11,,,,,,,,,,,,,,,,,,,,,,,,,,,,,,,,,,,,,,,,,,,,,,,,,,,,,,,,,,,,,,,,,,,,,,,,,,,,,,,,,,,,,,,,,,,,,,,,,,,,,,,
,195,4195,,,2,34,995,84.3,63,,5310.9,334586.7,1035625.5,65244406.5,1.52144E-11,,,,,,,,,,,,,,,,,,,,,,,,,,,,,,,,,,,,,,,,,,,,,,,,,,,,,,,,,,,,,,,,,,,,,,,,,,,,,,,,,,,,,,,,,,,,,,,,,,,,,,,
AXI 5345/18 HD GOLD LINE V2,171,3510,,,1.5,42,995,84.3,63,,5310.9,334586.7,908163.9,57214325.7,1.58701E-11,,,,,,,,,,,,,,,,,,,,,,,,,,,,,,,,,,,,,,,,,,,,,,,,,,,,,,,,,,,,,,,,,,,,,,,,,,,,,,,,,,,,,,,,,,,,,,,,,,,,,,,
,145,3870,,,1.5,42,995,84.3,63,,5310.9,334586.7,770080.5,48515071.5,1.96521E-11,,,,,,,,,,,,,,,,,,,,,,,,,,,,,,,,,,,,,,,,,,,,,,,,,,,,,,,,,,,,,,,,,,,,,,,,,,,,,,,,,,,,,,,,,,,,,,,,,,,,,,,
AXI 5345/16 HD SAILPLANE GOLD LINE V2,195,4195,,,2,34,995,84.3,63,,5310.9,334586.7,1035625.5,65244406.5,1.52144E-11,,,,,,,,,,,,,,,,,,,,,,,,,,,,,,,,,,,,,,,,,,,,,,,,,,,,,,,,,,,,,,,,,,,,,,,,,,,,,,,,,,,,,,,,,,,,,,,,,,,,,,,
,171,3500,,,1.5,42,995,84.3,63,,5310.9,334586.7,908163.9,57214325.7,1.58475E-11,,,,,,,,,,,,,,,,,,,,,,,,,,,,,,,,,,,,,,,,,,,,,,,,,,,,,,,,,,,,,,,,,,,,,,,,,,,,,,,,,,,,,,,,,,,,,,,,,,,,,,,
AXI 2808/24 CYCLONE,1190,240,,,1,115,130,57,40,,2280,91200,2713200,108528000,5.81938E-12,,,,,,,,,,,,,,,,,,,,,,,,,,,,,,,,,,,,,,,,,,,,,,,,,,,,,,,,,,,,,,,,,,,,,,,,,,,,,,,,,,,,,,,,,,,,,,,,,,,,,,,
,840,365,,,0.6,145,164,63,40,,2520,100800,2116800,84672000,7.16235E-12,,,,,,,,,,,,,,,,,,,,,,,,,,,,,,,,,,,,,,,,,,,,,,,,,,,,,,,,,,,,,,,,,,,,,,,,,,,,,,,,,,,,,,,,,,,,,,,,,,,,,,,
AXI 2814/16 CYCLONE,1035,335,,,1,85,164,63,40,,2520,100800,2608200,104328000,5.56891E-12,,,,,,,,,,,,,,,,,,,,,,,,,,,,,,,,,,,,,,,,,,,,,,,,,,,,,,,,,,,,,,,,,,,,,,,,,,,,,,,,,,,,,,,,,,,,,,,,,,,,,,,
,860,530,,,1.6,78,197,69,40,,2760,110400,2373600,94944000,6.13123E-12,,,,,,,,,,,,,,,,,,,,,,,,,,,,,,,,,,,,,,,,,,,,,,,,,,,,,,,,,,,,,,,,,,,,,,,,,,,,,,,,,,,,,,,,,,,,,,,,,,,,,,,
AXI 2820/12 CYCLONE,990,660,,,1.6,59,158,69,40,,2760,110400,2732400,109296000,5.94354E-12,,,,,,,,,,,,,,,,,,,,,,,,,,,,,,,,,,,,,,,,,,,,,,,,,,,,,,,,,,,,,,,,,,,,,,,,,,,,,,,,,,,,,,,,,,,,,,,,,,,,,,,
,760,665,,,1.2,62,230,75,40,,3000,120000,2280000,91200000,5.80447E-12,,,,,,,,,,,,,,,,,,,,,,,,,,,,,,,,,,,,,,,,,,,,,,,,,,,,,,,,,,,,,,,,,,,,,,,,,,,,,,,,,,,,,,,,,,,,,,,,,,,,,,,
AXI 2826/10 CYCLONE,920,675,,,1.2,42,230,75,40,,3000,120000,2760000,110400000,4.83092E-12,,,,,,,,,,,,,,,,,,,,,,,,,,,,,,,,,,,,,,,,,,,,,,,,,,,,,,,,,,,,,,,,,,,,,,,,,,,,,,,,,,,,,,,,,,,,,,,,,,,,,,,
Scorpion S-1804-1650KV,1650,32.5,,,0.25,400,12,16,23,2.98,368,8464,607200,13965600,0,,,,,,,,,,,,,,,,,,,,,,,,,,,,,,,,,,,,,,,,,,,,,,,,,,,,,,,,,,,,,,,,,,,,,,,,,,,,,,,,,,,,,,,,,,,,,,,,,,,,,,,
Scorpion SII-2205-1900KV (V2),1900,130,,,0.58,128,35,23,27.9,2.98,641.7,17903.43,1219230,34016517,1.32118E-10,,,,,,,,,,,,,,,,,,,,,,,,,,,,,,,,,,,,,,,,,,,,,,,,,,,,,,,,,,,,,,,,,,,,,,,,,,,,,,,,,,,,,,,,,,,,,,,,,,,,,,,
Scorpion SII-2205-1585KV (V2),1585,110,,,0.47,182,35,23,27.9,2.98,641.7,17903.43,1017094.5,28376936.55,1.45684E-10,,,,,,,,,,,,,,,,,,,,,,,,,,,,,,,,,,,,,,,,,,,,,,,,,,,,,,,,,,,,,,,,,,,,,,,,,,,,,,,,,,,,,,,,,,,,,,,,,,,,,,,
Scorpion SII-2205-1490KV (V2),1490,110,,,0.42,188,35,23,27.9,2.98,641.7,17903.43,956133,26676110.7,1.54972E-10,,,,,,,,,,,,,,,,,,,,,,,,,,,,,,,,,,,,,,,,,,,,,,,,,,,,,,,,,,,,,,,,,,,,,,,,,,,,,,,,,,,,,,,,,,,,,,,,,,,,,,,
Scorpion S-1805-2250KV,2250,45,,,0.25,400,16,18,23,2.98,414,9522,931500,21424500,0,,,,,,,,,,,,,,,,,,,,,,,,,,,,,,,,,,,,,,,,,,,,,,,,,,,,,,,,,,,,,,,,,,,,,,,,,,,,,,,,,,,,,,,,,,,,,,,,,,,,,,,
Scorpion SII-2208-1100KV (V2),1100,133,,,0.41,170,45,26,27.9,2.98,725.4,20238.66,797940,22262526,1.50286E-10,,,,,,,,,,,,,,,,,,,,,,,,,,,,,,,,,,,,,,,,,,,,,,,,,,,,,,,,,,,,,,,,,,,,,,,,,,,,,,,,,,,,,,,,,,,,,,,,,,,,,,,
Scorpion SII-2208-1280KV (V2),1280,155,,,0.47,150,45,26,27.9,2.98,725.4,20238.66,928512,25905484.8,1.39425E-10,,,,,,,,,,,,,,,,,,,,,,,,,,,,,,,,,,,,,,,,,,,,,,,,,,,,,,,,,,,,,,,,,,,,,,,,,,,,,,,,,,,,,,,,,,,,,,,,,,,,,,,
Scorpion S-2503-1610KV (F3P Special),1610,72,,,0.35,180,20,20.57,30.1,2.98,619.157,18636.6257,996842.77,30004967.38,1.47363E-10,,,,,,,,,,,,,,,,,,,,,,,,,,,,,,,,,,,,,,,,,,,,,,,,,,,,,,,,,,,,,,,,,,,,,,,,,,,,,,,,,,,,,,,,,,,,,,,,,,,,,,,
Scorpion S-2503-1960KV (F3P Special),1960,80,,,0.44,135,20,20.57,30.1,2.98,619.157,18636.6257,1213547.72,36527786.37,1.27596E-10,,,,,,,,,,,,,,,,,,,,,,,,,,,,,,,,,,,,,,,,,,,,,,,,,,,,,,,,,,,,,,,,,,,,,,,,,,,,,,,,,,,,,,,,,,,,,,,,,,,,,,,
Scorpion SII-2212-885KV (V2),885,192,,,0.41,151,58,30,27.9,2.98,837,23352.3,740745,20666785.5,1.36011E-10,,,,,,,,,,,,,,,,,,,,,,,,,,,,,,,,,,,,,,,,,,,,,,,,,,,,,,,,,,,,,,,,,,,,,,,,,,,,,,,,,,,,,,,,,,,,,,,,,,,,,,,
Scorpion SII-2212-960KV (V2),960,192,,,0.51,139,58,30,27.9,2.98,837,23352.3,803520,22418208,1.25385E-10,,,,,,,,,,,,,,,,,,,,,,,,,,,,,,,,,,,,,,,,,,,,,,,,,,,,,,,,,,,,,,,,,,,,,,,,,,,,,,,,,,,,,,,,,,,,,,,,,,,,,,,
Scorpion SII-2212-1070KV (V2),1070,222,,,0.59,91,58,30,27.9,2.98,837,23352.3,895590,24986961,1.20965E-10,,,,,,,,,,,,,,,,,,,,,,,,,,,,,,,,,,,,,,,,,,,,,,,,,,,,,,,,,,,,,,,,,,,,,,,,,,,,,,,,,,,,,,,,,,,,,,,,,,,,,,,
Scorpion SII-2212-1850KV (V2),1850,326,,,1.31,32,58,30,27.9,2.98,837,23352.3,1548450,43201755,8.47821E-11,,,,,,,,,,,,,,,,,,,,,,,,,,,,,,,,,,,,,,,,,,,,,,,,,,,,,,,,,,,,,,,,,,,,,,,,,,,,,,,,,,,,,,,,,,,,,,,,,,,,,,,
Scorpion SII-2212-1400kv (V2),1400,370,,,0.73,91,58,30,27.9,2.98,837,23352.3,1171800,32693220,1.19355E-10,,,,,,,,,,,,,,,,,,,,,,,,,,,,,,,,,,,,,,,,,,,,,,,,,,,,,,,,,,,,,,,,,,,,,,,,,,,,,,,,,,,,,,,,,,,,,,,,,,,,,,,
Scorpion SII-2215-900KV (V2),900,237,,,0.52,142,68,33,27.9,2.98,920.7,25687.53,828630,23118777,1.06445E-10,,,,,,,,,,,,,,,,,,,,,,,,,,,,,,,,,,,,,,,,,,,,,,,,,,,,,,,,,,,,,,,,,,,,,,,,,,,,,,,,,,,,,,,,,,,,,,,,,,,,,,,
Scorpion SII-2215-1127KV (V2),1127,296,,,0.73,78,68,33,27.9,2.98,920.7,25687.53,1037628.9,28949846.31,9.49981E-11,,,,,,,,,,,,,,,,,,,,,,,,,,,,,,,,,,,,,,,,,,,,,,,,,,,,,,,,,,,,,,,,,,,,,,,,,,,,,,,,,,,,,,,,,,,,,,,,,,,,,,,
Scorpion SII-2215-1810KV (V2),1810,370,,,1.35,31,68,33,27.9,2.98,920.7,25687.53,1666467,46494429.3,6.61325E-11,,,,,,,,,,,,,,,,,,,,,,,,,,,,,,,,,,,,,,,,,,,,,,,,,,,,,,,,,,,,,,,,,,,,,,,,,,,,,,,,,,,,,,,,,,,,,,,,,,,,,,,
Scorpion SII-2215-1400KV (V2),1400,518,,,0.95,95,68,33,27.9,2.98,920.7,25687.53,1288980,35962542,1.01165E-10,,,,,,,,,,,,,,,,,,,,,,,,,,,,,,,,,,,,,,,,,,,,,,,,,,,,,,,,,,,,,,,,,,,,,,,,,,,,,,,,,,,,,,,,,,,,,,,,,,,,,,,
Scorpion SII-3008-1090KV (V2),1090,370,,,0.79,58,95,33.75,37.5,4.98,1265.625,47460.9375,1379531.25,51732421.88,5.61893E-11,,,,,,,,,,,,,,,,,,,,,,,,,,,,,,,,,,,,,,,,,,,,,,,,,,,,,,,,,,,,,,,,,,,,,,,,,,,,,,,,,,,,,,,,,,,,,,,,,,,,,,,
Scorpion SII-3008-1220KV (V2),1220,425,,,0.97,42,95,33.75,37.5,4.98,1265.625,47460.9375,1544062.5,57902343.75,5.38039E-11,,,,,,,,,,,,,,,,,,,,,,,,,,,,,,,,,,,,,,,,,,,,,,,,,,,,,,,,,,,,,,,,,,,,,,,,,,,,,,,,,,,,,,,,,,,,,,,,,,,,,,,
Scorpion SII-3014-830KV (V2),830,550,,,1.06,42,129,39.75,37.5,4.98,1490.625,55898.4375,1237218.75,46395703.13,5.07412E-11,,,,,,,,,,,,,,,,,,,,,,,,,,,,,,,,,,,,,,,,,,,,,,,,,,,,,,,,,,,,,,,,,,,,,,,,,,,,,,,,,,,,,,,,,,,,,,,,,,,,,,,
Scorpion SII-3014-1040KV (V2),1040,600,,,1.35,26,129,39.75,37.5,4.98,1490.625,55898.4375,1550250,58134375,4.2296E-11,,,,,,,,,,,,,,,,,,,,,,,,,,,,,,,,,,,,,,,,,,,,,,,,,,,,,,,,,,,,,,,,,,,,,,,,,,,,,,,,,,,,,,,,,,,,,,,,,,,,,,,
Scorpion SII-3014-1220KV (V2),1220,640,,,1.64,18,129,39.75,37.5,4.98,1490.625,55898.4375,1818562.5,68196093.75,3.72381E-11,,,,,,,,,,,,,,,,,,,,,,,,,,,,,,,,,,,,,,,,,,,,,,,,,,,,,,,,,,,,,,,,,,,,,,,,,,,,,,,,,,,,,,,,,,,,,,,,,,,,,,,
Scorpion SII-3020-780KV (V2),780,800,,,1.21,30,166,45.75,37.5,4.98,1715.625,64335.9375,1338187.5,50182031.25,3.98125E-11,,,,,,,,,,,,,,,,,,,,,,,,,,,,,,,,,,,,,,,,,,,,,,,,,,,,,,,,,,,,,,,,,,,,,,,,,,,,,,,,,,,,,,,,,,,,,,,,,,,,,,,
Scorpion SII-3020-890KV (V2),890,780,,,1.42,20,166,45.75,37.5,4.98,1715.625,64335.9375,1526906.25,57258984.38,3.44529E-11,,,,,,,,,,,,,,,,,,,,,,,,,,,,,,,,,,,,,,,,,,,,,,,,,,,,,,,,,,,,,,,,,,,,,,,,,,,,,,,,,,,,,,,,,,,,,,,,,,,,,,,
Scorpion SII-3020-1110KV (V2),1110,840,,,2.08,16,166,45.75,37.5,4.98,1715.625,64335.9375,1904343.75,71412890.63,2.86672E-11,,,,,,,,,,,,,,,,,,,,,,,,,,,,,,,,,,,,,,,,,,,,,,,,,,,,,,,,,,,,,,,,,,,,,,,,,,,,,,,,,,,,,,,,,,,,,,,,,,,,,,,
Turbax Conversion Kit w/ HK4035-800,800,4200,,,2.5,10,574,61.5,48.9,4.98,3007.35,147059.415,2405880,117647532,1.85718E-11,,,,,,,,,,,,,,,,,,,,,,,,,,,,,,,,,,,,,,,,,,,,,,,,,,,,,,,,,,,,,,,,,,,,,,,,,,,,,,,,,,,,,,,,,,,,,,,,,,,,,,,
Scorpion SII-3026-710KV (V2),710,1000,,,1.56,22,205,51.75,37.5,4.98,1940.625,72773.4375,1377843.75,51669140.63,3.17682E-11,,,,,,,,,,,,,,,,,,,,,,,,,,,,,,,,,,,,,,,,,,,,,,,,,,,,,,,,,,,,,,,,,,,,,,,,,,,,,,,,,,,,,,,,,,,,,,,,,,,,,,,
Scorpion SII-3026-890KV (V2),890,1025,,,1.9,14,205,51.75,37.5,4.98,1940.625,72773.4375,1727156.25,64768359.38,2.5658E-11,,,,,,,,,,,,,,,,,,,,,,,,,,,,,,,,,,,,,,,,,,,,,,,,,,,,,,,,,,,,,,,,,,,,,,,,,,,,,,,,,,,,,,,,,,,,,,,,,,,,,,,
Scorpion SII-3026-1190KV (V2),1190,1050,,,3.26,8,205,51.75,37.5,4.98,1940.625,72773.4375,2309343.75,86600390.63,1.94222E-11,,,,,,,,,,,,,,,,,,,,,,,,,,,,,,,,,,,,,,,,,,,,,,,,,,,,,,,,,,,,,,,,,,,,,,,,,,,,,,,,,,,,,,,,,,,,,,,,,,,,,,,
Scorpion SII-4020-420KV,420,1500,,,0.91,32,288,46.15,48.9,5.98,2256.735,110354.3415,947828.7,46348823.43,5.77534E-11,,,,,,,,,,,,,,,,,,,,,,,,,,,,,,,,,,,,,,,,,,,,,,,,,,,,,,,,,,,,,,,,,,,,,,,,,,,,,,,,,,,,,,,,,,,,,,,,,,,,,,,
Scorpion SII-4020-540KV,540,1850,,,1.22,20,288,46.15,48.9,5.98,2256.735,110354.3415,1218636.9,59591344.41,4.98854E-11,,,,,,,,,,,,,,,,,,,,,,,,,,,,,,,,,,,,,,,,,,,,,,,,,,,,,,,,,,,,,,,,,,,,,,,,,,,,,,,,,,,,,,,,,,,,,,,,,,,,,,,
Scorpion SII-4020-630KV,630,1500,,,1.54,15,288,46.15,48.9,5.98,2256.735,110354.3415,1421743.05,69523235.15,3.85023E-11,,,,,,,,,,,,,,,,,,,,,,,,,,,,,,,,,,,,,,,,,,,,,,,,,,,,,,,,,,,,,,,,,,,,,,,,,,,,,,,,,,,,,,,,,,,,,,,,,,,,,,,
Scorpion SII-4025-330KV,330,2000,,,0.74,37,353,54.1,48.9,5.98,2645.49,129364.461,873011.7,42690272.13,4.86623E-11,,,,,,,,,,,,,,,,,,,,,,,,,,,,,,,,,,,,,,,,,,,,,,,,,,,,,,,,,,,,,,,,,,,,,,,,,,,,,,,,,,,,,,,,,,,,,,,,,,,,,,,
Scorpion SII-4025-440KV,440,2000,,,1.1,25,353,54.1,48.9,5.98,2645.49,129364.461,1164015.6,56920362.84,3.64967E-11,,,,,,,,,,,,,,,,,,,,,,,,,,,,,,,,,,,,,,,,,,,,,,,,,,,,,,,,,,,,,,,,,,,,,,,,,,,,,,,,,,,,,,,,,,,,,,,,,,,,,,,
Scorpion SII-4025-520KV,520,2000,,,1.4,16,353,54.1,48.9,5.98,2645.49,129364.461,1375654.8,67269519.72,3.08819E-11,,,,,,,,,,,,,,,,,,,,,,,,,,,,,,,,,,,,,,,,,,,,,,,,,,,,,,,,,,,,,,,,,,,,,,,,,,,,,,,,,,,,,,,,,,,,,,,,,,,,,,,
Scorpion SII-3032-690KV (V2),690,1025,,,2.71,22,275,62.5,37.5,4.98,2343.75,87890.625,1617187.5,60644531.25,1.7095E-11,,,,,,,,,,,,,,,,,,,,,,,,,,,,,,,,,,,,,,,,,,,,,,,,,,,,,,,,,,,,,,,,,,,,,,,,,,,,,,,,,,,,,,,,,,,,,,,,,,,,,,,
Scorpion SII-3032-880KV (V2),880,1050,,,3.12,12,275,62.5,37.5,4.98,2343.75,87890.625,2062500,77343750,1.35665E-11,,,,,,,,,,,,,,,,,,,,,,,,,,,,,,,,,,,,,,,,,,,,,,,,,,,,,,,,,,,,,,,,,,,,,,,,,,,,,,,,,,,,,,,,,,,,,,,,,,,,,,,
Scorpion SII-4035-250KV,250,2700,,,0.69,37,450,64.9,48.8,7.98,3167.12,154555.456,791780,38638864,3.9632E-11,,,,,,,,,,,,,,,,,,,,,,,,,,,,,,,,,,,,,,,,,,,,,,,,,,,,,,,,,,,,,,,,,,,,,,,,,,,,,,,,,,,,,,,,,,,,,,,,,,,,,,,
Scorpion SII-4035-330KV,330,2400,,,1.41,31,435,64.9,48.8,7.98,3167.12,154555.456,1045149.6,51003300.48,2.83071E-11,,,,,,,,,,,,,,,,,,,,,,,,,,,,,,,,,,,,,,,,,,,,,,,,,,,,,,,,,,,,,,,,,,,,,,,,,,,,,,,,,,,,,,,,,,,,,,,,,,,,,,,
Scorpion SII-4035-380KV,380,2600,,,1.52,25,435,64.9,48.8,7.98,3167.12,154555.456,1203505.6,58731073.28,2.55863E-11,,,,,,,,,,,,,,,,,,,,,,,,,,,,,,,,,,,,,,,,,,,,,,,,,,,,,,,,,,,,,,,,,,,,,,,,,,,,,,,,,,,,,,,,,,,,,,,,,,,,,,,
Scorpion SII-4035-450KV,450,2960,,,1.71,26,435,64.9,48.8,7.98,3167.12,154555.456,1425204,69549955.2,2.30535E-11,,,,,,,,,,,,,,,,,,,,,,,,,,,,,,,,,,,,,,,,,,,,,,,,,,,,,,,,,,,,,,,,,,,,,,,,,,,,,,,,,,,,,,,,,,,,,,,,,,,,,,,
Scorpion SII-5525-170KV,170,2450,,,0.78,42,708,59.82,66.4,8,3972.048,263743.9872,675248.16,44836477.82,3.98874E-11,,,,,,,,,,,,,,,,,,,,,,,,,,,,,,,,,,,,,,,,,,,,,,,,,,,,,,,,,,,,,,,,,,,,,,,,,,,,,,,,,,,,,,,,,,,,,,,,,,,,,,,
Scorpion SII-5525-210KV,210,3150,,,1.11,26,708,59.82,66.4,8,3972.048,263743.9872,834130.08,55386237.31,3.66132E-11,,,,,,,,,,,,,,,,,,,,,,,,,,,,,,,,,,,,,,,,,,,,,,,,,,,,,,,,,,,,,,,,,,,,,,,,,,,,,,,,,,,,,,,,,,,,,,,,,,,,,,,
Scorpion SII-5525-195KV,195,2800,,,0.88,34,708,59.82,66.4,8,3972.048,263743.9872,774549.36,51430077.5,3.71746E-11,,,,,,,,,,,,,,,,,,,,,,,,,,,,,,,,,,,,,,,,,,,,,,,,,,,,,,,,,,,,,,,,,,,,,,,,,,,,,,,,,,,,,,,,,,,,,,,,,,,,,,,
Scorpion S-5028-220KV (F3A Limited Series),220,2590,,,0.98,32,576,60,59.8,8,3588,214562.4,789360,47203728,3.8663E-11,,,,,,,,,,,,,,,,,,,,,,,,,,,,,,,,,,,,,,,,,,,,,,,,,,,,,,,,,,,,,,,,,,,,,,,,,,,,,,,,,,,,,,,,,,,,,,,,,,,,,,,
Scorpion SII-5535-160KV,160,3750,,,1.11,27,906,69.52,66.4,8,4616.128,306510.8992,738580.48,49041743.87,3.09867E-11,,,,,,,,,,,,,,,,,,,,,,,,,,,,,,,,,,,,,,,,,,,,,,,,,,,,,,,,,,,,,,,,,,,,,,,,,,,,,,,,,,,,,,,,,,,,,,,,,,,,,,,
Scorpion SII-5535-190KV,190,3900,,,1.24,22,906,69.52,66.4,7.98,4616.128,306510.8992,877064.32,58237070.85,2.66108E-11,,,,,,,,,,,,,,,,,,,,,,,,,,,,,,,,,,,,,,,,,,,,,,,,,,,,,,,,,,,,,,,,,,,,,,,,,,,,,,,,,,,,,,,,,,,,,,,,,,,,,,,
Scorpion SII-6530-180KV,180,4884,,,1.26,22,1043,70.4,76.6,8,5392.64,413076.224,970675.2,74353720.32,2.26023E-11,,,,,,,,,,,,,,,,,,,,,,,,,,,,,,,,,,,,,,,,,,,,,,,,,,,,,,,,,,,,,,,,,,,,,,,,,,,,,,,,,,,,,,,,,,,,,,,,,,,,,,,
Scorpion SII-6530-150KV,150,4220,,,1.15,32,1043,70.4,76.6,8,5392.64,413076.224,808896,61961433.6,2.52118E-11,,,,,,,,,,,,,,,,,,,,,,,,,,,,,,,,,,,,,,,,,,,,,,,,,,,,,,,,,,,,,,,,,,,,,,,,,,,,,,,,,,,,,,,,,,,,,,,,,,,,,,,
